file,column,total_sampled,missing_count,missing_pct
train_source1.tsv,entity_id,100000,0,0.0
train_source1.tsv,business_name,100000,0,0.0
train_source1.tsv,business_address,100000,0,0.0
train_source1.tsv,country,100000,0,0.0
train_source2.tsv,entity_id,100000,0,0.0
train_source2.tsv,business_name,100000,0,0.0
train_source2.tsv,business_address,100000,3330,3.33
train_source2.tsv,country,100000,0,0.0
train_source3.tsv,entity_id,100000,0,0.0
train_source3.tsv,business_name,100000,0,0.0
train_source3.tsv,business_address,100000,3352,3.352
train_source3.tsv,country,100000,0,0.0
test_source1.tsv,entity_id,100000,0,0.0
test_source1.tsv,business_name,100000,0,0.0
test_source1.tsv,business_address,100000,0,0.0
test_source1.tsv,country,100000,0,0.0
test_source2.tsv,entity_id,100000,0,0.0
test_source2.tsv,business_name,100000,0,0.0
test_source2.tsv,business_address,100000,2718,2.718
test_source2.tsv,country,100000,0,0.0
test_source3.tsv,entity_id,100000,0,0.0
test_source3.tsv,business_name,100000,0,0.0
test_source3.tsv,business_address,100000,2708,2.708
test_source3.tsv,country,100000,0,0.0
