file,column_name,ordinal_position,data_type,sample_values
train_source1.tsv,entity_id,1,string,
train_source1.tsv,business_name,2,string,
train_source1.tsv,business_address,3,string,
train_source1.tsv,country,4,string,
train_source2.tsv,entity_id,1,string,
train_source2.tsv,business_name,2,string,
train_source2.tsv,business_address,3,string,
train_source2.tsv,country,4,string,
train_source3.tsv,entity_id,1,string,
train_source3.tsv,business_name,2,string,
train_source3.tsv,business_address,3,string,
train_source3.tsv,country,4,string,
train_ground_truth.tsv,source1_entity_id,1,string,
train_ground_truth.tsv,matched_entity_ids,2,string,
test_source1.tsv,entity_id,1,string,
test_source1.tsv,business_name,2,string,
test_source1.tsv,business_address,3,string,
test_source1.tsv,country,4,string,
test_source2.tsv,entity_id,1,string,
test_source2.tsv,business_name,2,string,
test_source2.tsv,business_address,3,string,
test_source2.tsv,country,4,string,
test_source3.tsv,entity_id,1,string,
test_source3.tsv,business_name,2,string,
test_source3.tsv,business_address,3,string,
test_source3.tsv,country,4,string,
