source1_entity_id	matched_entity_ids
S1-714132312	
S1-106407869	S2-321502572
S1-156285671	S2-564259126
S1-689823050	
S1-921369899	
S1-481669221	
S1-909865979	
S1-280204013	S3-873243986
S1-742053041	
S1-913506265	
S1-479574617	
S1-680637447	
S1-870190130	
S1-365170694	
S1-778640743	S3-467616579
S1-378191895	
S1-684974736	
S1-750279127	
S1-209281220	S3-815892084
S1-550154910	
S1-897975128	
S1-704604312	
S1-628750886	
S1-714038427	S3-869848509
S1-426194890	
S1-122385784	
S1-540642140	S2-744098365,S3-65006793,S3-647541936,S3-576147302,S3-742213830,S3-132198355,S3-849510245
S1-123475953	
S1-444801830	
S1-502376041	S2-551281247
S1-594021398	
S1-261170522	
S1-466641145	
S1-99245709	
S1-339015166	
S1-614259237	
S1-385801270	S2-313017868,S2-533305208,S2-350216748,S2-865296385,S2-776085512,S2-974479697,S2-109539699,S3-873113499,S3-394918230
S1-334672926	
S1-717749279	S3-410392259
S1-564662660	
S1-41643447	
S1-581360597	S2-120420573,S2-664036246,S3-349679455
S1-946184931	S2-976445428,S2-59060300,S3-385753858
S1-244940399	
S1-616465752	
S1-762904067	
S1-261476747	
S1-874436225	S3-173100375
S1-816918307	S3-776133024
S1-52153457	
S1-867332501	
S1-969300060	
S1-930501805	
S1-474452362	
S1-802731895	
S1-39733947	
S1-807424751	
S1-269499779	
S1-574528784	
S1-402621048	
S1-684202485	
S1-85238196	
S1-569369299	
S1-559615219	
S1-684318101	
S1-503487168	
S1-967139755	
S1-983819279	
S1-577269922	
S1-87832748	
S1-295346696	S2-828902755,S3-449787572
S1-252468250	S2-144753299,S2-767746703,S3-599115114,S3-971533008
S1-781801397	
S1-669434847	
S1-570053103	
S1-736469556	S3-333411132
S1-483126440	
S1-270951405	
S1-520799361	
S1-81033582	
S1-56410032	
S1-518847572	
S1-776267063	
S1-35309228	
S1-493139457	
S1-895087526	
S1-829126727	
S1-457973373	
S1-74852342	
S1-280936763	
S1-999165514	
S1-395055615	S2-437001277,S3-559013133,S3-69437409
S1-862701045	
S1-674871004	
S1-287307821	
S1-273768056	S2-474435815,S2-100287528,S2-400498714,S3-93363345
S1-323395452	
S1-4144001	
S1-512210875	
S1-143287441	
S1-351656683	
S1-83258310	
S1-126274111	
S1-991875825	
S1-219350089	S2-519059543,S2-545470939,S2-489411367,S3-521317798,S3-554479884,S2-917859734,S2-903692594,S2-545182449,S3-331873108,S3-187339225,S3-197049397
S1-476026008	S2-121764179,S3-319063462
S1-595583207	
S1-660977005	
S1-106130112	
S1-383508132	
S1-960747316	
S1-78181547	
S1-44674670	
S1-712639027	
S1-875777939	S3-273133357,S3-569106283,S3-285601749
S1-906720062	S3-360915051
S1-868609391	
S1-842551642	S2-744384640
S1-977549219	
S1-345501851	
S1-465557953	
S1-548433616	
S1-542615632	
S1-396150929	
S1-370806262	
S1-149784022	S2-480486161
S1-208197675	
S1-621024	
S1-479716586	
S1-73366741	
S1-866981273	
S1-48247433	S3-938255604
S1-139090022	
S1-503254241	
S1-102847291	
S1-619110488	
S1-623031914	S3-481581345
S1-215270294	S3-148974528
S1-762005078	
S1-983603694	
S1-437281614	
S1-590781135	
S1-423414451	
S1-847114478	
S1-526334226	
S1-381894503	
S1-313092170	
S1-60876864	
S1-261642209	
S1-78728267	
S1-308199161	
S1-358927120	
S1-337122273	
S1-650650055	
S1-834257002	
S1-937349180	
S1-725006887	
S1-820730560	
S1-47803313	
S1-385569722	
S1-453884385	
S1-650304466	
S1-762839052	
S1-550679918	
S1-659666950	S2-485885002,S3-360235054,S3-253760122
S1-772914073	S2-548500463
S1-860482342	
S1-813052697	
S1-366528589	
S1-720336913	
S1-640880009	
S1-887500171	
S1-971996731	
S1-104317115	
S1-518257638	
S1-884660527	
S1-910004085	S2-85856138,S3-527642797
S1-591894902	
S1-142638295	
S1-950720921	S2-435734109
S1-183285524	
S1-714649207	
S1-841168517	
S1-819898451	
S1-949091955	
S1-552966879	
S1-220057580	
S1-64462728	
S1-807938084	
S1-693870315	S2-193510687,S2-118916909,S2-666810841,S2-226359557,S2-475221902,S2-732155812,S2-147483891,S2-525662290,S2-561915559,S2-27046600,S2-960440618,S2-719813387,S2-926593422,S2-468776136,S2-537783043
S1-455827432	S3-942013826
S1-527611593	
S1-727773972	
S1-279446676	
S1-918109974	
S1-615018738	
S1-666592077	S2-25405386,S3-833970055
S1-509532493	
S1-992285010	
S1-382076507	
S1-185535466	
S1-799535694	
S1-598558953	
S1-222645796	
S1-192481319	S2-673419052,S3-893818826,S2-193510687,S2-118916909,S2-666810841,S2-226359557,S2-475221902,S2-732155812,S2-147483891,S2-525662290,S2-561915559,S2-27046600,S2-960440618,S2-719813387,S2-926593422
S1-413573159	
S1-782634160	
S1-394334841	
S1-759762834	S3-133651765
S1-653070765	
S1-94096071	
S1-682391735	
S1-559968662	
S1-964877324	
S1-883416047	S3-11341631
S1-182458975	
S1-339269492	
S1-621676240	
S1-103138354	
S1-279963953	
S1-317707487	
S1-391244573	
S1-603458137	
S1-429550703	
S1-302219416	
S1-693956169	S2-514477715,S2-828902755,S2-752039767,S3-839414204,S3-492131586,S3-23518063,S3-449787572,S3-274269512,S3-801458660
S1-837916944	
S1-336786786	S3-60718083
S1-800911534	
S1-181883447	
S1-1433093	
S1-733472967	
S1-89100953	S2-972087927
S1-848293840	
S1-17003766	S2-704784114,S2-482075294,S3-281302626,S3-878948097,S3-868927600,S3-554700151,S3-398336588,S3-489941683
S1-915512126	
S1-901504091	
S1-724741475	
S1-851421910	
S1-430298053	S2-365487618,S3-284357509,S3-354726222,S3-530713998,S2-577253485,S2-546106962,S2-398155221,S2-532708976,S3-509957303,S3-586684390,S3-712431594,S3-586928900,S3-331880758,S3-600639277,S3-95438049
S1-307277652	
S1-503010787	
S1-520627257	
S1-667272642	S2-468427870,S2-555124789,S3-572176821,S3-773498036
S1-827961773	
S1-255349799	
S1-418524279	
S1-661144640	S2-581323230
S1-892745196	
S1-751409146	
S1-13506955	
S1-262020943	
S1-746909581	S2-396538001
S1-481776787	
S1-870654726	S3-135907540
S1-459183905	
S1-782456413	
S1-687813152	
S1-528962373	
S1-133484055	
S1-784673398	
S1-162954117	
S1-547053441	
S1-302536542	
S1-457601305	
S1-488635826	
S1-349698918	S3-253728264,S3-300170564
S1-72706873	
S1-78029452	
S1-717385838	S2-965965831,S3-937908802
S1-11379912	
S1-655700316	
S1-484349079	
S1-595486290	
S1-889012090	
S1-748500004	
S1-587404171	
S1-986604838	
S1-766408899	
S1-507163415	
S1-873761236	S2-538408685,S3-479259215,S3-506285301,S2-454447953
S1-655802552	S2-661143069
S1-327983313	S3-76562507,S3-649108033
S1-77383698	S2-744098365,S3-65006793,S3-647541936,S3-576147302,S3-742213830,S3-132198355,S3-849510245
S1-273531258	S2-270257041
S1-772535560	
S1-598136304	S2-896768736
S1-789788578	
S1-346777444	
S1-544222533	
S1-493959729	
S1-430462466	
S1-792204527	S3-243338488
S1-788563249	
S1-198662647	
S1-431137009	
S1-22335277	
S1-291584542	
S1-556611862	
S1-32767080	
S1-242691036	
S1-770890247	
S1-276402071	
S1-936869465	
S1-201994316	
S1-905520099	S2-591108790
S1-766655509	
S1-415414688	S3-95183465
S1-133928599	
S1-871112769	S2-514477715,S2-883799231,S2-148202605,S2-276975445,S2-752039767,S2-140967971,S2-806978517,S2-287553406,S3-839414204,S3-492131586,S3-813037581,S3-23518063,S3-274269512,S3-210130602,S3-801458660
S1-948985690	
S1-653149647	
S1-657251225	
S1-244474490	
S1-857992844	
S1-197043206	
S1-269094403	
S1-355078971	
S1-51627651	
S1-288364156	
S1-500222888	
S1-247274429	
S1-260204874	
S1-511066423	
S1-605505884	
S1-882791035	
S1-868105169	S2-968505057
S1-764707596	
S1-962993818	
S1-608940471	
S1-346760887	
S1-597621907	
S1-36048451	S3-807704941
S1-98985291	
S1-368908513	
S1-504750404	S2-43266507,S3-863574057
S1-687138169	
S1-576111952	
S1-907329636	S2-876889991
S1-220372723	
S1-591377734	
S1-915233460	
S1-808794467	
S1-119248132	
S1-710758303	
S1-105001584	
S1-382212549	
S1-35578091	
S1-34932143	
S1-545791724	
S1-869422569	
S1-844617434	
S1-488174268	S2-522119756
S1-963501196	
S1-531518308	
S1-288588262	
S1-94665545	
S1-460829054	
S1-817207769	
S1-923121813	
S1-937797030	S2-796774377,S3-631548123
S1-305324409	
S1-927419156	
S1-261393939	
S1-158003567	
S1-772204055	
S1-901881022	
S1-958709603	
S1-864062904	S2-251311805
S1-389115869	
S1-32131273	
S1-485290093	
S1-449015682	
S1-273693856	
S1-216847975	
S1-942180728	
S1-704576365	
S1-706359294	
S1-688852755	
S1-501963178	S3-990403421
S1-428039663	
S1-394925431	
S1-29387523	
S1-960221997	S2-612609637,S2-785912089,S2-190725498,S3-841366398,S3-746995344
S1-369896511	
S1-973133967	
S1-957109842	
S1-718126154	
S1-657028371	
S1-122221465	
S1-241758739	
S1-292853265	
S1-563412246	
S1-635915279	
S1-257953143	
S1-935953663	
S1-66970748	
S1-613214928	
S1-68168779	
S1-181117450	
S1-337798606	
S1-877808612	
S1-991838189	
S1-415245659	
S1-860794391	S3-844741994
S1-590126941	
S1-852807313	S3-841734573
S1-643209618	
S1-581863940	
S1-225821819	S3-711367714
S1-778630887	
S1-377916068	
S1-37907520	S3-835770859
S1-637166800	S2-929453318
S1-352595333	
S1-333194875	
S1-260721574	
S1-677484813	
S1-568320501	
S1-759995112	
S1-443768681	
S1-170472252	
S1-311511012	
S1-224275529	
S1-427329185	
S1-417606815	
S1-488457630	
S1-818470647	
S1-534346740	
S1-729626041	
S1-204633959	
S1-155512047	
S1-553186193	
S1-42502314	
S1-317114355	
S1-334574390	
S1-649110450	
S1-533417053	
S1-152550844	
S1-643493833	
S1-734921625	
S1-68108533	
S1-789286562	
S1-493735795	
S1-870309113	
S1-755184527	
S1-741750910	S2-851224804
S1-396704474	
S1-77449994	
S1-607302089	
S1-80873383	
S1-194589041	
S1-550464269	
S1-405440827	S2-621647150,S2-624602452
S1-500922440	
S1-111694025	
S1-760235082	
S1-445143782	
S1-17665971	S2-55637946,S3-514174091
S1-131623880	
S1-453383072	
S1-573827896	
S1-740059747	
S1-979645754	
S1-5694837	
S1-895155435	
S1-552090769	
S1-444520529	
S1-481259122	
S1-170318976	
S1-254586049	
S1-626957328	
S1-820877559	S2-996446311,S2-452607978,S3-360639400,S3-558354991,S3-673731662,S3-529473590
S1-111296778	
S1-847310129	
S1-546941880	
S1-697980001	
S1-338401200	
S1-501819870	
S1-541668027	
S1-966492570	S2-944210661,S3-138799336,S3-702300077,S3-280574727
S1-702544592	
S1-528495462	
S1-545863954	
S1-772195807	
S1-603731465	
S1-453539657	
S1-46249643	
S1-317928365	
S1-735449543	
S1-368898506	
S1-39608811	
S1-497232093	
S1-740176897	
S1-699373004	
S1-760964613	
S1-759533619	
S1-89928972	
S1-415302434	S3-230162608
S1-397514626	
S1-603295553	
S1-829004597	S2-420446203
S1-340381642	
S1-831508195	S2-204417353,S2-500293977,S3-13644754,S3-283300363,S3-980745367
S1-715029307	
S1-30383410	
S1-267323354	
S1-189661852	
S1-232418369	
S1-626838100	
S1-900373432	
S1-322014701	
S1-714107578	
S1-923533895	
S1-445155683	
S1-70052354	
S1-954767088	
S1-529469516	
S1-650940902	
S1-200871763	
S1-674001307	
S1-946578635	
S1-899271918	S3-407406642,S2-698031192,S2-211606947
S1-861020733	
S1-669118103	
S1-473518955	
S1-112878071	
S1-387370379	S2-591052054,S3-411611556
S1-591825395	
S1-341836448	
S1-730190320	
S1-686724393	
S1-884819027	
S1-634733706	
S1-146764860	
S1-667494116	
S1-644800304	
S1-559176480	
S1-670613672	
S1-563834046	S2-193510687,S2-118916909,S2-666810841,S2-226359557,S2-475221902,S2-732155812,S2-147483891,S2-525662290,S2-561915559,S2-27046600,S2-960440618,S2-719813387,S2-926593422,S2-468776136,S2-537783043
S1-605344566	
S1-45476583	
S1-712193425	S2-519059543,S2-545470939,S2-489411367,S3-521317798,S3-554479884,S2-917859734,S2-903692594,S2-545182449,S3-331873108,S3-187339225,S3-197049397
S1-426796552	
S1-358071494	
S1-913184147	
S1-518999749	
S1-142991774	S2-495264785,S2-855490920
S1-573105537	
S1-402263041	
S1-852777299	
S1-817055009	
S1-121278089	
S1-34406583	
S1-948206127	S2-704784114,S2-482075294,S3-281302626,S3-878948097,S3-868927600,S3-554700151,S3-398336588,S3-489941683
S1-793882586	
S1-313423382	S3-101036051
S1-230616179	
S1-117946977	
S1-764467216	S2-579828239
S1-600671460	
S1-985458663	S2-553971690,S3-377306899
S1-998079629	
S1-751723139	
S1-984503844	
S1-436389656	
S1-141582671	
S1-870259303	
S1-202627015	S2-256642085,S3-64079929,S2-633442633,S2-722172803
S1-870670114	S2-40529490
S1-755329516	
S1-769735105	
S1-545535789	
S1-255512449	
S1-479368587	
S1-220217287	
S1-445413591	
S1-307330189	
S1-576221857	
S1-540647065	S2-260115985
S1-985849844	S2-579736034,S3-319063462
S1-129840509	
S1-738529927	
S1-631634336	S2-764179503,S2-172339850,S3-496274860
S1-620439917	
S1-645673704	
S1-366906832	
S1-818450767	
S1-495018313	
S1-236219320	
S1-735494336	
S1-313486473	
S1-874756885	
S1-930629318	S3-297233957
S1-211227284	
S1-665203072	S3-584863804,S3-7270267,S2-913284773
S1-990859962	
S1-743413952	
S1-288261457	S2-379254028,S3-271597750,S3-344640715,S3-157902210,S3-812705094
S1-325772170	
S1-584694385	S3-546773955
S1-196930853	
S1-383705289	
S1-94503331	
S1-647575013	
S1-362900691	
S1-743701929	
S1-554606367	
S1-72057324	
S1-537057658	
S1-863840933	
S1-867937984	
S1-517585252	
S1-843460748	
S1-495431862	
S1-705520087	S2-747063111,S2-343667893
S1-629792731	S3-360557543
S1-24190993	
S1-962462371	S2-558211503,S2-722659922,S3-661531396
S1-891460771	
S1-631267110	
S1-616328186	
S1-989458781	S2-343084525
S1-158427430	
S1-943866501	
S1-772390233	
S1-555104163	
S1-634708855	S2-503202602,S2-792642549,S2-162385476,S3-899716627,S3-318402319,S3-581397602,S3-193645255
S1-574838650	
S1-454570944	
S1-824705510	
S1-353555145	
S1-868191449	
S1-207542087	
S1-128224466	
S1-437847715	
S1-175897406	
S1-836657851	
S1-738388422	
S1-70730985	
S1-913071720	
S1-730858570	
S1-890842089	
S1-755841052	
S1-62406587	S3-932343464
S1-945599294	
S1-282690027	
S1-119471339	
S1-612238175	
S1-507700514	
S1-507057032	
S1-290658366	
S1-521891133	
S1-49325121	
S1-169797977	
S1-44516836	
S1-27176967	
S1-428409415	
S1-583030458	S2-595623864,S2-932412889,S2-369634827,S2-402525290,S2-530433656,S2-822440446,S3-574231294,S3-831075134,S3-508819632,S3-324808989
S1-659886446	
S1-330401139	
S1-928776546	S2-251311805
S1-79493353	
S1-598644426	
S1-491672580	
S1-527616111	
S1-269743554	S2-346644481,S2-54799801,S3-389519821,S3-45883756,S3-857183109
S1-737563674	S2-317728270,S2-347130401
S1-662097139	
S1-76227211	
S1-754443232	
S1-541847553	
S1-811085440	
S1-398462363	
S1-310166751	
S1-258544368	
S1-29704874	
S1-71390708	
S1-522847261	S3-256038724,S3-195278099
S1-209560741	
S1-76891238	
S1-803723987	
S1-469837394	
S1-262724894	
S1-789310261	
S1-476233101	
S1-156259591	
S1-148192848	
S1-253986339	
S1-613788308	
S1-46734148	
S1-925888590	S3-139694312
S1-384391959	
S1-733058423	S3-885623863
S1-335922295	
S1-62369497	
S1-472029773	
S1-379378394	
S1-802501899	
S1-404958214	S2-670413956
S1-134964502	S2-806209738,S2-55637946,S3-273133357,S3-285601749
S1-903680191	S3-302838128
S1-746205301	
S1-356330116	
S1-897438771	
S1-216853138	S2-744098365,S3-65006793,S3-647541936,S3-576147302,S3-742213830,S3-132198355,S3-849510245
S1-21010276	
S1-411150863	
S1-721904625	
S1-500842861	
S1-519840188	
S1-371172270	S3-877691632
S1-146269669	
S1-640903890	S2-809866423
S1-579513223	S3-799449692
S1-834059246	S3-150887938
S1-543738021	
S1-464735932	
S1-720494821	
S1-614166527	
S1-330425761	S3-257516229,S3-326956185
S1-636382711	
S1-845582955	S2-191571799
S1-864813407	
S1-226835563	
S1-593083174	
S1-265308634	
S1-342524902	
S1-313657958	
S1-761368811	S2-464726955,S2-205283758,S2-555300384,S3-790686227,S3-408820854,S2-169043051,S3-422815078,S3-540093376,S3-553611635,S3-573314762,S3-503058813,S3-6785536,S3-686450431
S1-370040082	
S1-30674002	S3-755063748
S1-184326040	
S1-752875458	
S1-749190987	
S1-303885393	
S1-524471698	
S1-81401869	
S1-600924899	
S1-223740121	
S1-497450389	
S1-951404426	
S1-677361364	
S1-438605996	
S1-669877826	S2-584760377,S3-372117999
S1-293244964	
S1-872080679	
S1-578655170	
S1-855309387	
S1-849800146	
S1-950006929	
S1-477543769	
S1-533947051	
S1-689992280	
S1-827116132	
S1-130033627	
S1-200328362	
S1-822365624	S3-180537830
S1-973488776	
S1-13451015	
S1-618510970	
S1-452851960	
S1-725672126	
S1-371215032	
S1-880149151	
S1-704316296	S3-324808989
S1-491775540	S2-782765375
S1-503016984	
S1-446731231	
S1-908289013	
S1-450337428	S2-424599024
S1-29596643	
S1-601561210	
S1-597171150	
S1-754410830	
S1-995936163	
S1-990991704	
S1-52033338	
S1-717480913	
S1-699194125	
S1-685163224	S3-179214561,S3-170479705
S1-185787384	
S1-263986904	
S1-109940605	
S1-109569754	
S1-161663716	
S1-162695461	
S1-648022940	S2-503202602,S2-792642549,S2-162385476,S3-899716627,S3-318402319,S3-581397602,S3-193645255
S1-807531920	
S1-622031313	S3-410764289
S1-147548498	
S1-26628666	
S1-240414034	
S1-377471644	
S1-795051867	
S1-518221826	S2-933580459,S3-445083726,S3-434739842,S3-440921168
S1-569486927	
S1-788480541	
S1-650931728	
S1-949970105	
S1-224442543	
S1-262086042	
S1-539063080	
S1-758070549	
S1-102067063	
S1-232798487	
S1-105827392	
S1-906803032	S3-693984318,S3-366413508,S3-641633906
S1-42258623	
S1-578070457	
S1-179448674	
S1-377942865	S2-313017868,S2-533305208,S2-350216748,S2-865296385,S2-776085512,S2-974479697,S2-109539699,S3-873113499,S3-394918230
S1-117124656	
S1-993829678	
S1-170883326	
S1-966166665	
S1-168402024	
S1-432612382	
S1-106694036	
S1-860696171	
S1-947779057	
S1-478187960	
S1-901582927	
S1-903791016	
S1-11483643	
S1-347810367	
S1-557169552	
S1-618760923	
S1-342769339	
S1-533988643	
S1-683869141	
S1-293619205	S2-896768736
S1-896292297	
S1-926971348	
S1-329066163	S2-786123845
S1-658544337	S2-510593003,S2-454447953,S2-643036049,S2-538408685,S2-475339542,S3-479259215,S3-506285301,S3-587067304
S1-137870529	
S1-486008614	
S1-935841397	
S1-326846186	S3-11341631
S1-711330965	
S1-722405675	
S1-463287529	
S1-149411806	
S1-541361289	
S1-977429262	
S1-11172779	
S1-350174317	
S1-279892562	
S1-822292739	S3-300820527
S1-272127430	
S1-667764898	
S1-581382815	
S1-473952711	S2-173133274,S2-399597228,S3-290413216,S3-426841379
S1-221315364	
S1-250931789	
S1-598934460	
S1-584697437	S3-961949668,S2-965614954
S1-405602194	
S1-608664540	
S1-84451840	S2-751407165
S1-167638623	
S1-956897563	S2-10473531
S1-729467781	
S1-80773469	
S1-513599911	
S1-533522938	
S1-581757578	
S1-657558693	
S1-402494925	
S1-387016214	
S1-266555379	
S1-669776689	
S1-225034106	S3-958476355
S1-751033619	
S1-976424391	
S1-519677292	
S1-443534708	
S1-382169090	
S1-790517362	
S1-880615423	S2-44528425,S2-361052115,S3-53926965,S3-62338559,S3-179845689
S1-449179193	
S1-48180936	
S1-427642601	
S1-912943762	
S1-671491624	
S1-55716966	
S1-98549181	
S1-815606753	
S1-407721399	
S1-796461188	
S1-959883069	
S1-166391907	
S1-726276781	
S1-120806394	
S1-391836868	
S1-200079725	
S1-765276200	
S1-899317092	
S1-775310986	
S1-305472241	
S1-865063383	
S1-264694687	
S1-526715015	
S1-299047552	
S1-983022047	
S1-864843313	S2-879945459
S1-301477237	
S1-673136886	S3-933675409,S2-241202186
S1-230813348	S2-813733153,S3-408385827,S3-265977240,S3-728946134
S1-404917346	S2-952382616
S1-672593972	
S1-541465582	
S1-703209922	
S1-985578465	
S1-602902072	
S1-487057151	
S1-736800651	
S1-935703327	
S1-308849584	
S1-61384671	
S1-852148273	
S1-787461836	
S1-629887537	
S1-71595254	
S1-140373393	
S1-712418507	
S1-515072958	
S1-197280203	S2-104590092,S2-54799801,S3-389519821,S3-857183109
S1-794806928	
S1-195675964	S2-107557903
S1-245620451	
S1-402387176	
S1-218107486	
S1-899593553	
S1-103648967	
S1-186871220	
S1-856200540	
S1-952064431	
S1-15967051	
S1-499785692	
S1-954789288	
S1-543400611	
S1-552047258	
S1-654184515	
S1-276858394	
S1-533888847	
S1-323057996	
S1-320086079	
S1-855616906	S2-10378272,S3-447893589
S1-744754397	
S1-152508801	
S1-307615125	
S1-143536197	S2-966411188,S3-611302121,S3-486263733,S3-728027474
S1-618419675	
S1-259620026	
S1-584838253	
S1-39575732	S2-153590190,S2-501211852,S2-754579364,S3-925742292,S3-188749563
S1-692949559	
S1-777929094	
S1-31931266	
S1-337081657	
S1-478404464	
S1-916370847	
S1-373387246	
S1-769814533	
S1-423303116	
S1-765122448	S2-493403266
S1-143143410	S3-455819966,S3-36458303,S3-585887933
S1-45193124	
S1-957659829	S3-739068530
S1-783895442	
S1-241194969	S2-418144525,S2-932412889,S2-208617837,S2-595623864,S2-402525290,S2-822440446,S3-831075134
S1-906946241	
S1-660027440	
S1-461670379	S2-50524803
S1-985740908	
S1-870743390	
S1-575174642	
S1-828526849	
S1-670774972	
S1-222836798	
S1-941927098	
S1-36050400	
S1-480447397	
S1-810784492	
S1-311974093	
S1-59070872	
S1-226072612	
S1-142032781	S3-951242
S1-45340570	
S1-917054737	
S1-740535429	
S1-547382550	
S1-705324532	
S1-754493357	
S1-831250685	S2-693368483
S1-522913763	
S1-934216469	
S1-860733442	
